count,kraj,vek
71,CZ041,0
407,CZ020,0
150,CZ032,0
174,CZ031,0
422,CZ080,0
306,CZ064,0
189,CZ053,0
451,CZ010,0
229,CZ042,0
97,CZ051,0
147,CZ052,0
292,CZ072,0
117,CZ063,0
193,CZ071,0
513,CZ053,1
467,CZ071,1
348,CZ051,1
903,CZ080,1
205,CZ041,1
502,CZ031,1
689,CZ064,1
601,CZ052,1
1274,CZ020,1
671,CZ042,1
547,CZ072,1
1160,CZ010,1
304,CZ063,1
443,CZ032,1
644,CZ052,2
449,CZ051,2
1324,CZ010,2
663,CZ053,2
769,CZ042,2
346,CZ063,2
515,CZ071,2
518,CZ032,2
260,CZ041,2
1052,CZ080,2
556,CZ031,2
812,CZ064,2
605,CZ072,2
1517,CZ020,2
2014,CZ020,3
1048,CZ064,3
428,CZ063,3
837,CZ042,3
721,CZ072,3
647,CZ071,3
273,CZ041,3
1196,CZ080,3
744,CZ031,3
774,CZ052,3
717,CZ053,3
562,CZ051,3
683,CZ032,3
1626,CZ010,3
1934,CZ010,4
742,CZ072,4
1284,CZ080,4
336,CZ041,4
751,CZ051,4
857,CZ032,4
858,CZ031,4
950,CZ052,4
478,CZ063,4
796,CZ053,4
1307,CZ064,4
920,CZ042,4
2462,CZ020,4
735,CZ071,4
844,CZ072,5
1018,CZ042,5
1420,CZ064,5
918,CZ071,5
2110,CZ010,5
1047,CZ052,5
2770,CZ020,5
977,CZ032,5
800,CZ051,5
940,CZ031,5
335,CZ041,5
1533,CZ080,5
556,CZ063,5
924,CZ053,5
2403,CZ010,6
1038,CZ032,6
1023,CZ053,6
376,CZ041,6
1095,CZ042,6
612,CZ063,6
863,CZ051,6
3023,CZ020,6
1734,CZ064,6
929,CZ072,6
1050,CZ071,6
1074,CZ031,6
1087,CZ052,6
1689,CZ080,6
1056,CZ052,7
1092,CZ053,7
1104,CZ032,7
2693,CZ010,7
943,CZ072,7
3343,CZ020,7
1180,CZ031,7
1804,CZ064,7
721,CZ063,7
848,CZ051,7
367,CZ041,7
1192,CZ042,7
1977,CZ080,7
1145,CZ071,7
3522,CZ020,8
1909,CZ064,8
1052,CZ052,8
1260,CZ042,8
902,CZ051,8
2850,CZ010,8
1088,CZ072,8
1103,CZ053,8
2151,CZ080,8
1170,CZ071,8
1172,CZ032,8
1259,CZ031,8
397,CZ041,8
738,CZ063,8
1099,CZ052,9
1331,CZ042,9
2346,CZ080,9
1487,CZ031,9
1321,CZ071,9
2126,CZ064,9
859,CZ063,9
3067,CZ010,9
3698,CZ020,9
348,CZ041,9
1008,CZ051,9
1187,CZ072,9
1249,CZ032,9
1192,CZ053,9
3863,CZ020,10
2332,CZ064,10
1395,CZ032,10
1000,CZ051,10
399,CZ041,10
3214,CZ010,10
2547,CZ080,10
1461,CZ071,10
1419,CZ042,10
1202,CZ072,10
919,CZ063,10
1144,CZ052,10
1273,CZ053,10
1487,CZ031,10
1446,CZ072,11
1221,CZ052,11
1558,CZ032,11
4283,CZ020,11
1046,CZ063,11
417,CZ041,11
3440,CZ010,11
2648,CZ064,11
1057,CZ051,11
1635,CZ031,11
1717,CZ071,11
1446,CZ053,11
1650,CZ042,11
3048,CZ080,11
2540,CZ064,12
2893,CZ080,12
1616,CZ031,12
1418,CZ032,12
1362,CZ053,12
1071,CZ051,12
1054,CZ063,12
4099,CZ020,12
1581,CZ071,12
472,CZ041,12
1424,CZ072,12
1625,CZ042,12
3108,CZ010,12
1351,CZ052,12
3766,CZ020,13
1434,CZ072,13
2906,CZ080,13
1307,CZ052,13
1569,CZ071,13
1693,CZ042,13
2674,CZ010,13
1030,CZ063,13
1529,CZ031,13
1095,CZ051,13
2412,CZ064,13
474,CZ041,13
1429,CZ053,13
1382,CZ032,13
1617,CZ071,14
984,CZ063,14
1084,CZ051,14
3503,CZ020,14
1429,CZ072,14
2950,CZ080,14
1560,CZ042,14
1617,CZ031,14
453,CZ041,14
2414,CZ064,14
1359,CZ032,14
1270,CZ052,14
2540,CZ010,14
1345,CZ053,14
2588,CZ080,15
1321,CZ072,15
2311,CZ010,15
1376,CZ031,15
423,CZ041,15
1230,CZ053,15
3051,CZ020,15
1004,CZ063,15
1415,CZ042,15
1240,CZ032,15
1481,CZ071,15
2073,CZ064,15
990,CZ051,15
1168,CZ052,15
2122,CZ010,16
2097,CZ064,16
1360,CZ031,16
940,CZ051,16
1165,CZ032,16
423,CZ041,16
1330,CZ071,16
1168,CZ053,16
1415,CZ042,16
2996,CZ020,16
1188,CZ052,16
2436,CZ080,16
1271,CZ072,16
994,CZ063,16
927,CZ051,17
2052,CZ010,17
2040,CZ064,17
422,CZ041,17
1018,CZ063,17
3007,CZ020,17
2411,CZ080,17
1305,CZ042,17
1131,CZ072,17
1161,CZ053,17
1333,CZ031,17
1333,CZ071,17
1116,CZ032,17
1079,CZ052,17
2446,CZ080,18
855,CZ051,18
1131,CZ072,18
1299,CZ031,18
1111,CZ032,18
1111,CZ052,18
2787,CZ020,18
2041,CZ064,18
435,CZ041,18
1282,CZ071,18
1393,CZ042,18
1119,CZ053,18
937,CZ063,18
2091,CZ010,18
1123,CZ052,19
2272,CZ080,19
2780,CZ020,19
1239,CZ071,19
1096,CZ053,19
428,CZ041,19
900,CZ051,19
1455,CZ042,19
1169,CZ032,19
1142,CZ072,19
1968,CZ064,19
1297,CZ031,19
902,CZ063,19
2163,CZ010,19
1127,CZ072,20
1140,CZ053,20
1412,CZ042,20
2198,CZ080,20
939,CZ063,20
1152,CZ071,20
2305,CZ010,20
2648,CZ020,20
905,CZ051,20
1968,CZ064,20
440,CZ041,20
1132,CZ052,20
1243,CZ031,20
1208,CZ032,20
963,CZ051,21
1171,CZ072,21
1209,CZ052,21
1453,CZ042,21
1000,CZ063,21
468,CZ041,21
2032,CZ064,21
1270,CZ031,21
1312,CZ032,21
2213,CZ080,21
2370,CZ010,21
1259,CZ071,21
1188,CZ053,21
2566,CZ020,21
2389,CZ010,22
2262,CZ080,22
1277,CZ031,22
1172,CZ072,22
1253,CZ053,22
2783,CZ020,22
1156,CZ052,22
898,CZ051,22
1479,CZ042,22
456,CZ041,22
1010,CZ063,22
1230,CZ071,22
2057,CZ064,22
1208,CZ032,22
952,CZ051,23
2152,CZ064,23
1214,CZ052,23
1328,CZ071,23
1266,CZ053,23
2361,CZ080,23
1221,CZ072,23
501,CZ041,23
1260,CZ031,23
1086,CZ063,23
2728,CZ020,23
2625,CZ010,23
1457,CZ042,23
1242,CZ032,23
2490,CZ080,24
2666,CZ010,24
1452,CZ042,24
2648,CZ020,24
1317,CZ031,24
1335,CZ071,24
483,CZ041,24
1192,CZ072,24
1155,CZ053,24
1252,CZ052,24
2331,CZ064,24
1111,CZ063,24
1253,CZ032,24
924,CZ051,24
1519,CZ042,25
2396,CZ064,25
2562,CZ080,25
549,CZ041,25
2750,CZ020,25
1267,CZ071,25
1357,CZ032,25
2844,CZ010,25
1292,CZ072,25
1248,CZ053,25
1004,CZ051,25
1364,CZ031,25
1219,CZ052,25
1095,CZ063,25
1458,CZ032,26
1419,CZ071,26
1432,CZ031,26
1351,CZ053,26
543,CZ041,26
3329,CZ010,26
2639,CZ080,26
2635,CZ064,26
2990,CZ020,26
1319,CZ052,26
1061,CZ051,26
1613,CZ042,26
1375,CZ072,26
1152,CZ063,26
1589,CZ032,27
1563,CZ071,27
3591,CZ010,27
1301,CZ063,27
1471,CZ072,27
2966,CZ064,27
3279,CZ020,27
1803,CZ042,27
1164,CZ051,27
2975,CZ080,27
1415,CZ052,27
581,CZ041,27
1428,CZ053,27
1685,CZ031,27
3137,CZ064,28
3513,CZ020,28
1326,CZ063,28
1937,CZ042,28
1714,CZ071,28
1551,CZ053,28
1687,CZ031,28
1560,CZ072,28
1700,CZ032,28
3862,CZ010,28
1214,CZ051,28
1566,CZ052,28
3095,CZ080,28
651,CZ041,28
1719,CZ031,29
1576,CZ052,29
642,CZ041,29
1626,CZ053,29
1372,CZ063,29
1712,CZ032,29
3149,CZ064,29
3626,CZ020,29
1578,CZ072,29
1219,CZ051,29
3879,CZ010,29
1934,CZ042,29
3218,CZ080,29
1661,CZ071,29
1706,CZ032,30
1544,CZ053,30
1586,CZ052,30
1927,CZ042,30
4147,CZ010,30
1176,CZ051,30
1667,CZ071,30
3145,CZ064,30
3303,CZ080,30
1779,CZ031,30
1343,CZ063,30
651,CZ041,30
3679,CZ020,30
1614,CZ072,30
3008,CZ064,31
1859,CZ042,31
3687,CZ020,31
1639,CZ072,31
1251,CZ051,31
1675,CZ032,31
1692,CZ031,31
1324,CZ063,31
3320,CZ080,31
1770,CZ071,31
1557,CZ052,31
624,CZ041,31
4066,CZ010,31
1522,CZ053,31
1658,CZ071,32
3047,CZ064,32
3806,CZ020,32
1748,CZ042,32
1565,CZ072,32
678,CZ041,32
1661,CZ031,32
1513,CZ053,32
1738,CZ032,32
1599,CZ052,32
3343,CZ080,32
3923,CZ010,32
1235,CZ051,32
1300,CZ063,32
4078,CZ010,33
682,CZ041,33
1691,CZ032,33
1596,CZ072,33
1962,CZ042,33
1546,CZ053,33
1511,CZ052,33
3757,CZ020,33
1749,CZ031,33
3299,CZ080,33
1296,CZ063,33
1765,CZ071,33
3151,CZ064,33
1306,CZ051,33
3108,CZ064,34
1711,CZ071,34
3272,CZ080,34
1312,CZ051,34
4182,CZ010,34
1569,CZ053,34
3765,CZ020,34
1504,CZ072,34
1227,CZ063,34
1681,CZ031,34
689,CZ041,34
1458,CZ052,34
1720,CZ032,34
1984,CZ042,34
1252,CZ051,35
4176,CZ010,35
1966,CZ042,35
1755,CZ071,35
3389,CZ080,35
4185,CZ020,35
1602,CZ072,35
1247,CZ063,35
1552,CZ052,35
3107,CZ064,35
1693,CZ032,35
671,CZ041,35
1545,CZ053,35
1697,CZ031,35
1343,CZ063,36
1827,CZ031,36
3342,CZ080,36
4159,CZ010,36
680,CZ041,36
2060,CZ042,36
1777,CZ071,36
1881,CZ032,36
1264,CZ051,36
3293,CZ064,36
4261,CZ020,36
1635,CZ072,36
1625,CZ053,36
1697,CZ052,36
1927,CZ031,37
1287,CZ051,37
1665,CZ052,37
4186,CZ010,37
1596,CZ072,37
666,CZ041,37
3404,CZ080,37
1932,CZ032,37
3362,CZ064,37
4381,CZ020,37
2016,CZ042,37
1422,CZ063,37
1522,CZ053,37
1813,CZ071,37
4166,CZ010,38
2076,CZ042,38
712,CZ041,38
1376,CZ051,38
4566,CZ020,38
1615,CZ052,38
1877,CZ031,38
1748,CZ072,38
1587,CZ053,38
1858,CZ071,38
3380,CZ064,38
1937,CZ032,38
3373,CZ080,38
1426,CZ063,38
1384,CZ051,39
1955,CZ031,39
753,CZ041,39
2226,CZ042,39
4256,CZ010,39
1756,CZ072,39
1733,CZ052,39
1672,CZ053,39
4677,CZ020,39
1481,CZ063,39
2051,CZ071,39
3530,CZ064,39
3562,CZ080,39
1948,CZ032,39
1473,CZ051,40
2302,CZ042,40
2012,CZ032,40
2119,CZ071,40
5036,CZ020,40
3751,CZ080,40
757,CZ041,40
1497,CZ063,40
1886,CZ072,40
2074,CZ031,40
1771,CZ053,40
1708,CZ052,40
3646,CZ064,40
4316,CZ010,40
4625,CZ010,41
3812,CZ064,41
1644,CZ051,41
5439,CZ020,41
2536,CZ042,41
817,CZ041,41
1938,CZ052,41
2001,CZ072,41
4021,CZ080,41
1647,CZ063,41
2248,CZ032,41
1917,CZ053,41
2136,CZ031,41
2167,CZ071,41
1821,CZ063,42
2264,CZ032,42
4990,CZ010,42
969,CZ041,42
4277,CZ080,42
2440,CZ071,42
5980,CZ020,42
4162,CZ064,42
2203,CZ072,42
2727,CZ042,42
1703,CZ051,42
2173,CZ053,42
2411,CZ031,42
2159,CZ052,42
1896,CZ051,43
1875,CZ063,43
5037,CZ010,43
2545,CZ071,43
4315,CZ064,43
2246,CZ072,43
6058,CZ020,43
932,CZ041,43
2533,CZ031,43
2280,CZ052,43
4619,CZ080,43
2402,CZ032,43
2195,CZ053,43
2895,CZ042,43
1957,CZ051,44
2454,CZ032,44
1929,CZ063,44
2397,CZ072,44
4655,CZ080,44
936,CZ041,44
2600,CZ031,44
2288,CZ053,44
4447,CZ064,44
2932,CZ042,44
5068,CZ010,44
2296,CZ052,44
6118,CZ020,44
2634,CZ071,44
4834,CZ010,45
2375,CZ053,45
1040,CZ041,45
2013,CZ051,45
2769,CZ071,45
4734,CZ080,45
2420,CZ052,45
2670,CZ031,45
2345,CZ072,45
1936,CZ063,45
3160,CZ042,45
6357,CZ020,45
4475,CZ064,45
2579,CZ032,45
2537,CZ052,46
2017,CZ063,46
3191,CZ042,46
2667,CZ071,46
4974,CZ080,46
1098,CZ041,46
2665,CZ032,46
2072,CZ051,46
2662,CZ031,46
6250,CZ020,46
2383,CZ053,46
4420,CZ064,46
4931,CZ010,46
2391,CZ072,46
4304,CZ064,47
2584,CZ031,47
2692,CZ071,47
1088,CZ041,47
3275,CZ042,47
4642,CZ010,47
6139,CZ020,47
4932,CZ080,47
2557,CZ032,47
2363,CZ072,47
1943,CZ051,47
2337,CZ053,47
2450,CZ052,47
1966,CZ063,47
4140,CZ010,48
4496,CZ080,48
2162,CZ053,48
2338,CZ032,48
2280,CZ052,48
2428,CZ071,48
1872,CZ063,48
3987,CZ064,48
1851,CZ051,48
2420,CZ031,48
2949,CZ042,48
5674,CZ020,48
2212,CZ072,48
985,CZ041,48
2020,CZ072,49
5028,CZ020,49
1982,CZ053,49
2102,CZ032,49
2289,CZ031,49
2216,CZ071,49
1741,CZ063,49
2231,CZ052,49
1672,CZ051,49
3659,CZ064,49
2700,CZ042,49
4254,CZ080,49
3792,CZ010,49
918,CZ041,49
4693,CZ020,50
1733,CZ063,50
3994,CZ080,50
3482,CZ010,50
2066,CZ071,50
1945,CZ032,50
1942,CZ053,50
1534,CZ051,50
3448,CZ064,50
870,CZ041,50
2559,CZ042,50
2057,CZ052,50
2076,CZ031,50
1860,CZ072,50
1710,CZ053,51
1953,CZ052,51
3187,CZ064,51
1531,CZ051,51
1946,CZ031,51
1977,CZ071,51
3261,CZ010,51
1614,CZ063,51
3882,CZ080,51
1862,CZ072,51
1883,CZ032,51
4415,CZ020,51
809,CZ041,51
2397,CZ042,51
1789,CZ072,52
843,CZ041,52
3686,CZ080,52
1368,CZ051,52
2247,CZ042,52
1694,CZ053,52
1857,CZ032,52
1496,CZ063,52
1864,CZ071,52
1803,CZ052,52
3075,CZ064,52
1914,CZ031,52
4033,CZ020,52
3052,CZ010,52
3525,CZ080,53
1795,CZ031,53
1790,CZ052,53
1468,CZ063,53
1733,CZ032,53
808,CZ041,53
1749,CZ071,53
1252,CZ051,53
1605,CZ053,53
3819,CZ020,53
3018,CZ010,53
2822,CZ064,53
2149,CZ042,53
1712,CZ072,53
1648,CZ052,54
1567,CZ063,54
3635,CZ080,54
2949,CZ010,54
1722,CZ032,54
1763,CZ072,54
3737,CZ020,54
2924,CZ064,54
1520,CZ053,54
1300,CZ051,54
1842,CZ071,54
730,CZ041,54
2141,CZ042,54
1900,CZ031,54
1844,CZ071,55
3801,CZ020,55
2950,CZ064,55
1269,CZ051,55
3750,CZ080,55
1727,CZ072,55
1751,CZ032,55
1842,CZ031,55
2894,CZ010,55
1454,CZ063,55
1709,CZ052,55
2099,CZ042,55
1622,CZ053,55
789,CZ041,55
3780,CZ080,56
1529,CZ063,56
3846,CZ020,56
3067,CZ064,56
3042,CZ010,56
1829,CZ032,56
1866,CZ072,56
2221,CZ042,56
1315,CZ051,56
1912,CZ031,56
808,CZ041,56
1919,CZ071,56
1591,CZ053,56
1830,CZ052,56
1747,CZ052,57
3063,CZ064,57
2209,CZ042,57
1353,CZ051,57
1886,CZ031,57
1619,CZ053,57
2959,CZ010,57
1814,CZ072,57
836,CZ041,57
1744,CZ032,57
1550,CZ063,57
1917,CZ071,57
3651,CZ080,57
3823,CZ020,57
2695,CZ010,58
1976,CZ042,58
3437,CZ080,58
716,CZ041,58
1390,CZ063,58
1707,CZ052,58
1643,CZ072,58
1725,CZ031,58
1244,CZ051,58
1483,CZ053,58
1620,CZ032,58
3451,CZ020,58
1796,CZ071,58
2696,CZ064,58
1410,CZ053,59
1595,CZ072,59
1644,CZ031,59
1360,CZ063,59
3119,CZ080,59
3063,CZ020,59
1088,CZ051,59
1465,CZ032,59
1627,CZ071,59
2493,CZ010,59
1463,CZ052,59
1677,CZ042,59
744,CZ041,59
2508,CZ064,59
1582,CZ031,60
3033,CZ020,60
1238,CZ063,60
1429,CZ052,60
1508,CZ072,60
1316,CZ053,60
1676,CZ042,60
644,CZ041,60
1562,CZ071,60
2311,CZ010,60
1503,CZ032,60
2872,CZ080,60
1004,CZ051,60
2489,CZ064,60
2517,CZ080,61
2173,CZ064,61
638,CZ041,61
1117,CZ053,61
1357,CZ072,61
1300,CZ032,61
1156,CZ063,61
1396,CZ071,61
2685,CZ020,61
1373,CZ052,61
2086,CZ010,61
965,CZ051,61
1436,CZ031,61
1548,CZ042,61
2044,CZ010,62
910,CZ051,62
1261,CZ072,62
1508,CZ042,62
1053,CZ063,62
1387,CZ071,62
2636,CZ020,62
1116,CZ053,62
2418,CZ080,62
2047,CZ064,62
1313,CZ031,62
1175,CZ032,62
604,CZ041,62
1234,CZ052,62
1132,CZ053,63
2337,CZ080,63
1215,CZ072,63
593,CZ041,63
1190,CZ052,63
1320,CZ031,63
1240,CZ071,63
1464,CZ042,63
2094,CZ064,63
966,CZ063,63
1179,CZ032,63
876,CZ051,63
2616,CZ020,63
2065,CZ010,63
2530,CZ020,64
963,CZ063,64
1976,CZ010,64
2253,CZ080,64
869,CZ051,64
1102,CZ053,64
1162,CZ052,64
1268,CZ031,64
1416,CZ042,64
590,CZ041,64
1152,CZ071,64
1156,CZ072,64
1190,CZ032,64
2023,CZ064,64
1177,CZ071,65
919,CZ063,65
1105,CZ072,65
967,CZ053,65
2152,CZ080,65
810,CZ051,65
1876,CZ064,65
530,CZ041,65
1212,CZ052,65
2397,CZ020,65
1218,CZ031,65
1395,CZ042,65
1077,CZ032,65
1956,CZ010,65
1104,CZ032,66
532,CZ041,66
2012,CZ080,66
1099,CZ071,66
1012,CZ072,66
2300,CZ020,66
1238,CZ031,66
1719,CZ064,66
1861,CZ010,66
796,CZ051,66
1356,CZ042,66
1154,CZ052,66
819,CZ063,66
987,CZ053,66
1059,CZ052,67
591,CZ041,67
1087,CZ071,67
1912,CZ010,67
839,CZ051,67
1076,CZ031,67
1383,CZ042,67
809,CZ063,67
897,CZ072,67
941,CZ053,67
967,CZ032,67
1959,CZ080,67
2232,CZ020,67
1713,CZ064,67
1732,CZ010,68
1085,CZ031,68
1299,CZ042,68
1663,CZ064,68
981,CZ032,68
1007,CZ071,68
1968,CZ080,68
985,CZ072,68
569,CZ041,68
936,CZ053,68
767,CZ063,68
2141,CZ020,68
836,CZ051,68
1101,CZ052,68
1758,CZ010,69
926,CZ072,69
973,CZ032,69
827,CZ051,69
1040,CZ071,69
879,CZ053,69
1113,CZ031,69
2114,CZ020,69
1338,CZ042,69
752,CZ063,69
528,CZ041,69
1605,CZ064,69
2029,CZ080,69
1110,CZ052,69
1930,CZ080,70
874,CZ053,70
1056,CZ052,70
1598,CZ064,70
1347,CZ042,70
958,CZ071,70
733,CZ063,70
1025,CZ031,70
1596,CZ010,70
782,CZ051,70
2034,CZ020,70
922,CZ032,70
535,CZ041,70
937,CZ072,70
828,CZ053,71
870,CZ032,71
1747,CZ080,71
1229,CZ042,71
484,CZ041,71
1620,CZ010,71
1941,CZ020,71
957,CZ052,71
932,CZ031,71
792,CZ063,71
1504,CZ064,71
930,CZ071,71
844,CZ072,71
772,CZ051,71
1473,CZ010,72
1889,CZ020,72
769,CZ063,72
862,CZ032,72
806,CZ072,72
759,CZ053,72
910,CZ031,72
923,CZ071,72
685,CZ051,72
1771,CZ080,72
1339,CZ042,72
921,CZ052,72
446,CZ041,72
1432,CZ064,72
1892,CZ020,73
963,CZ052,73
810,CZ072,73
790,CZ051,73
1791,CZ080,73
1310,CZ042,73
908,CZ031,73
877,CZ071,73
810,CZ053,73
891,CZ032,73
722,CZ063,73
1434,CZ064,73
1510,CZ010,73
467,CZ041,73
825,CZ053,74
452,CZ041,74
956,CZ052,74
1599,CZ010,74
943,CZ071,74
1796,CZ020,74
755,CZ051,74
816,CZ072,74
830,CZ032,74
1254,CZ042,74
1608,CZ080,74
677,CZ063,74
1472,CZ064,74
958,CZ031,74
848,CZ052,75
1028,CZ042,75
1394,CZ064,75
1581,CZ020,75
767,CZ053,75
1474,CZ080,75
860,CZ031,75
1424,CZ010,75
731,CZ071,75
768,CZ072,75
713,CZ032,75
392,CZ041,75
597,CZ051,75
604,CZ063,75
660,CZ071,76
617,CZ053,76
1298,CZ010,76
1428,CZ020,76
539,CZ051,76
357,CZ041,76
1142,CZ064,76
648,CZ072,76
1340,CZ080,76
690,CZ031,76
692,CZ032,76
582,CZ063,76
823,CZ042,76
735,CZ052,76
672,CZ071,77
1369,CZ020,77
1384,CZ080,77
620,CZ053,77
367,CZ041,77
632,CZ072,77
1193,CZ064,77
696,CZ032,77
771,CZ052,77
492,CZ051,77
857,CZ042,77
547,CZ063,77
1288,CZ010,77
715,CZ031,77
637,CZ031,78
447,CZ051,78
587,CZ071,78
310,CZ041,78
563,CZ072,78
1095,CZ064,78
1311,CZ080,78
601,CZ032,78
577,CZ053,78
496,CZ063,78
1218,CZ020,78
1108,CZ010,78
713,CZ052,78
732,CZ042,78
591,CZ071,79
513,CZ053,79
499,CZ063,79
397,CZ051,79
273,CZ041,79
566,CZ052,79
1044,CZ064,79
513,CZ032,79
1297,CZ080,79
695,CZ042,79
578,CZ072,79
1056,CZ020,79
567,CZ031,79
938,CZ010,79
539,CZ072,80
931,CZ020,80
377,CZ051,80
272,CZ041,80
526,CZ071,80
1223,CZ080,80
496,CZ032,80
515,CZ053,80
940,CZ064,80
478,CZ063,80
611,CZ042,80
889,CZ010,80
563,CZ052,80
504,CZ031,80
837,CZ020,81
575,CZ042,81
635,CZ010,81
844,CZ064,81
380,CZ063,81
1086,CZ080,81
430,CZ053,81
274,CZ041,81
461,CZ032,81
457,CZ031,81
451,CZ072,81
438,CZ071,81
326,CZ051,81
541,CZ052,81
754,CZ020,82
285,CZ051,82
478,CZ042,82
355,CZ053,82
453,CZ052,82
558,CZ010,82
367,CZ032,82
379,CZ063,82
430,CZ071,82
745,CZ064,82
230,CZ041,82
897,CZ080,82
415,CZ031,82
472,CZ072,82
574,CZ010,83
367,CZ063,83
188,CZ041,83
342,CZ032,83
419,CZ042,83
409,CZ052,83
710,CZ080,83
372,CZ071,83
420,CZ072,83
709,CZ020,83
682,CZ064,83
340,CZ053,83
237,CZ051,83
369,CZ031,83
401,CZ052,84
357,CZ072,84
318,CZ053,84
702,CZ080,84
355,CZ031,84
336,CZ063,84
370,CZ042,84
220,CZ051,84
354,CZ032,84
339,CZ071,84
559,CZ010,84
654,CZ020,84
198,CZ041,84
549,CZ064,84
313,CZ063,85
374,CZ031,85
585,CZ064,85
371,CZ052,85
368,CZ042,85
178,CZ041,85
180,CZ051,85
317,CZ053,85
305,CZ032,85
354,CZ072,85
656,CZ080,85
264,CZ071,85
504,CZ010,85
633,CZ020,85
521,CZ010,86
309,CZ072,86
565,CZ080,86
350,CZ031,86
296,CZ063,86
288,CZ032,86
355,CZ042,86
355,CZ052,86
211,CZ051,86
546,CZ064,86
641,CZ020,86
292,CZ071,86
159,CZ041,86
296,CZ053,86
531,CZ020,87
288,CZ072,87
536,CZ080,87
187,CZ051,87
512,CZ064,87
274,CZ053,87
278,CZ032,87
321,CZ031,87
282,CZ042,87
553,CZ010,87
272,CZ071,87
316,CZ052,87
137,CZ041,87
280,CZ063,87
552,CZ020,88
240,CZ053,88
491,CZ064,88
193,CZ051,88
240,CZ032,88
322,CZ052,88
499,CZ010,88
489,CZ080,88
306,CZ031,88
226,CZ071,88
264,CZ063,88
129,CZ041,88
301,CZ042,88
267,CZ072,88
222,CZ042,89
151,CZ051,89
421,CZ064,89
104,CZ041,89
211,CZ063,89
485,CZ020,89
216,CZ071,89
229,CZ032,89
471,CZ010,89
234,CZ053,89
440,CZ080,89
280,CZ031,89
243,CZ072,89
305,CZ052,89
256,CZ052,90
194,CZ032,90
495,CZ010,90
386,CZ020,90
194,CZ042,90
198,CZ072,90
187,CZ053,90
367,CZ080,90
186,CZ063,90
150,CZ051,90
398,CZ064,90
188,CZ071,90
102,CZ041,90
220,CZ031,90
171,CZ071,91
183,CZ031,91
384,CZ010,91
231,CZ052,91
69,CZ041,91
168,CZ072,91
309,CZ064,91
157,CZ032,91
356,CZ020,91
342,CZ080,91
133,CZ063,91
162,CZ042,91
170,CZ053,91
126,CZ051,91
167,CZ052,92
128,CZ031,92
123,CZ042,92
101,CZ071,92
215,CZ080,92
114,CZ072,92
285,CZ020,92
127,CZ063,92
115,CZ032,92
306,CZ010,92
87,CZ051,92
71,CZ041,92
251,CZ064,92
133,CZ053,92
89,CZ053,93
82,CZ032,93
116,CZ072,93
207,CZ080,93
118,CZ031,93
67,CZ051,93
139,CZ052,93
215,CZ020,93
103,CZ071,93
104,CZ042,93
88,CZ063,93
53,CZ041,93
252,CZ010,93
229,CZ064,93
164,CZ064,94
240,CZ010,94
74,CZ071,94
69,CZ063,94
82,CZ072,94
95,CZ052,94
83,CZ031,94
142,CZ080,94
49,CZ051,94
39,CZ041,94
132,CZ020,94
98,CZ042,94
58,CZ053,94
82,CZ032,94
39,CZ063,95
177,CZ010,95
112,CZ064,95
113,CZ020,95
59,CZ071,95
60,CZ031,95
59,CZ053,95
73,CZ052,95
102,CZ080,95
55,CZ042,95
55,CZ072,95
36,CZ051,95
41,CZ032,95
24,CZ041,95
89,CZ064,96
123,CZ010,96
25,CZ071,96
59,CZ052,96
47,CZ042,96
12,CZ041,96
74,CZ080,96
33,CZ063,96
40,CZ072,96
90,CZ020,96
44,CZ053,96
27,CZ051,96
42,CZ031,96
42,CZ032,96
19,CZ041,97
23,CZ032,97
22,CZ072,97
29,CZ052,97
35,CZ042,97
18,CZ071,97
26,CZ053,97
59,CZ020,97
89,CZ010,97
57,CZ080,97
24,CZ031,97
24,CZ051,97
26,CZ063,97
40,CZ064,97
35,CZ020,98
72,CZ010,98
13,CZ063,98
44,CZ064,98
17,CZ072,98
16,CZ071,98
8,CZ041,98
16,CZ042,98
11,CZ032,98
13,CZ051,98
27,CZ052,98
37,CZ080,98
21,CZ053,98
20,CZ031,98
8,CZ063,99
16,CZ072,99
12,CZ031,99
33,CZ020,99
21,CZ080,99
9,CZ053,99
27,CZ064,99
10,CZ042,99
38,CZ010,99
1,CZ041,99
9,CZ032,99
10,CZ071,99
10,CZ051,99
14,CZ052,99
17,CZ020,100
3,CZ041,100
5,CZ053,100
11,CZ064,100
5,CZ071,100
8,CZ063,100
7,CZ072,100
10,CZ052,100
4,CZ042,100
5,CZ032,100
9,CZ031,100
13,CZ080,100
63,CZ010,100
4,CZ051,100
4,CZ063,101
1,CZ051,101
4,CZ052,101
7,CZ080,101
5,CZ031,101
15,CZ010,101
4,CZ064,101
1,CZ053,101
4,CZ020,101
6,CZ071,101
2,CZ041,101
1,CZ042,101
3,CZ072,101
4,CZ032,101
1,CZ020,102
1,CZ051,102
3,CZ041,102
2,CZ071,102
1,CZ032,102
4,CZ064,102
2,CZ063,102
1,CZ072,102
2,CZ080,102
1,CZ031,102
2,CZ010,102
2,CZ052,102
1,CZ042,102
1,CZ072,103
1,CZ053,103
2,CZ080,103
1,CZ064,103
3,CZ031,103
1,CZ051,103
1,CZ052,103
5,CZ063,103
5,CZ010,103
3,CZ020,103
3,CZ010,104
2,CZ080,104
6,CZ063,104
4,CZ042,104
1,CZ064,104
2,CZ020,104
1,CZ071,105
2,CZ063,105
1,CZ020,105
2,CZ010,105
1,CZ072,105
1,CZ053,106
4,CZ063,106
2,CZ010,106
1,CZ042,106
1,CZ020,106
4,CZ010,107
1,CZ080,107
5,CZ063,107
2,CZ031,107
2,CZ010,108
1,CZ051,108
1,CZ032,108
2,CZ080,108
6,CZ063,108
1,CZ020,108
1,CZ010,109
2,CZ020,109
1,CZ063,109
1,CZ032,109
2,CZ064,110
1,CZ042,110
1,CZ051,110
5,CZ063,110
1,CZ071,110
1,CZ052,111
1,CZ010,111
1,CZ063,111
1,CZ032,111
2,CZ020,111
3,CZ010,112
1,CZ080,112
2,CZ032,112
1,CZ042,112
12,CZ063,112
1,CZ053,113
1,CZ031,113
1,CZ080,113
1,CZ051,113
1,CZ020,113
9,CZ063,113
1,CZ020,114
1,CZ052,114
5,CZ063,114
1,CZ010,114
2,CZ010,115
1,CZ080,115
1,CZ042,115
8,CZ063,115
11,CZ063,116
1,CZ071,116
2,CZ051,116
3,CZ020,116
1,CZ064,116
2,CZ010,117
1,CZ031,117
1,CZ020,117
1,CZ041,117
1,CZ042,117
10,CZ063,117
1,CZ071,117
2,CZ064,118
10,CZ063,118
1,CZ042,118
1,CZ010,118
1,CZ052,118
1,CZ080,118
1,CZ031,118
1,CZ072,118
1,CZ041,119
4,CZ010,119
2,CZ064,119
1,CZ020,119
3,CZ080,119
9,CZ063,119
2,CZ064,120
2,CZ010,120
